{"cameraMode":{"drawMode":0,"name":"Shaded","section":"Shading Mode"},"sceneLighting":true,"audioPlay":false,"sceneViewState":{"showFog":false,"showMaterialUpdate":false,"showSkybox":false,"showFlares":false,"showImageEffects":false,"showParticleSystems":false},"in2DMode":false,"pivot":{"x":0.8515238165855408,"y":0.9984145164489746,"z":0.27058371901512148},"rotation":{"x":0.26243966817855837,"y":0.21206285059452058,"z":-0.05923781543970108,"w":0.9394932985305786},"size":483.46490478515627,"orthographic":false}